'AFIP';'I';38.08;263.95;64.88;271.35;None;0;0;0;0;0;0;'I';'plantillas/afip.png';2
'AFIP_QR';'I';10.50;262.30;32.50;284.30;None;0;0;0;0;0;0;'I';'plantillas/qr.png';2
'CAE';'T';118.90;266.50;146.00;270.50;'Arial';10;1;0;0;0;0;'I';'61101021770094';0
'CAE.L';'T';101.80;266.60;117.80;270.60;'Arial';10;1;0;0;0;0;'I';'C.A.E. N\xba:';0
'CAE.Vencimiento';'T';119.10;270.90;137.80;274.90;'Arial';10;1;0;0;0;0;'I';'31/12/2010';0
'CAE.Vencimiento.L';'T';90.70;270.90;117.70;274.90;'Arial';10;1;0;0;0;0;'I';'Fecha Vto. CAE:';0
'CUIT';'T';106.00;33.30;157.00;38.30;'Arial';10;0;0;0;0;0;'C';'';2
'Cliente';'T';9.50;45.30;25.70;51.30;'Arial';10;0;0;0;0;0;'I';'Sr.(s):';0
'Cliente.CUIT';'T';101.40;60.20;141.40;65.20;'Arial';10;0;0;0;0;65535;'I';None;0
'Cliente.Domicilio';'T';26.90;50.20;141.00;56.20;'Arial';10;0;0;0;0;65535;'I';None;0
'Cliente.Domicilio.L';'t';9.60;50.40;30.80;56.40;'Arial';10;0;0;0;0;0;'I';'Direcci\xf3n:';0
'Cliente.IVA';'T';27.10;60.20;79.90;65.20;'Arial';10;0;0;0;0;0;'I';None;0
'Cliente.IVA.L';'T';9.50;60.30;27.70;65.30;'Arial';10;0;0;0;0;0;'I';'IVA:';0
'Cliente.Localidad.L';'T';9.40;54.80;28.40;60.80;'Arial';10;0;0;0;0;0;'I';'Localidad:';0
'Cliente.Nombre';'T';46.20;45.20;117.00;51.20;'Arial';10;0;0;0;0;65535;'I';None;0
'Cliente.Provincia.L';'T';81.40;55.20;100.40;61.20;'Arial';10;0;0;0;0;0;'I';'Provincia:';0
'Cliente.TipoDoc';'T';81.40;60.20;101.40;65.20;'Arial';10;0;0;0;0;0;'I';'CUIT:';0
'ClienteLocalidad';'T';27.30;54.90;79.90;60.90;'Arial';10;0;0;0;0;65535;'I';None;0
'ClienteProvincia';'T';100.50;55.30;141.50;61.30;'Arial';10;0;0;0;0;0;'I';None;0
'Comentarios';'T';11.00;243.50;147.50;247.80;'Arial';8;0;0;0;0;65535;'I';'';0
'Comentarios2';'T';11.30;248.40;147.80;252.70;'Arial';8;0;0;0;0;65535;'I';'';0
'Comentarios3';'T';11.60;253.70;148.10;258.00;'Arial';8;0;0;0;0;65535;'I';'';0
'Comentarios4';'T';11.90;259.00;148.40;263.30;'Arial';8;0;0;0;0;65535;'I';'';0
'Comprobante.N\xba';'T';127.60;20.10;137.60;25.60;'Arial';14;1;0;0;0;0;'I';'N\xba: ';2
'ComprobanteEx.L';'T';110.60;9.20;206.30;13.70;'Arial Black';13;0;0;0;0;0;'C';'FACTURA';2
'Cuadro';'B';8.30;8.40;208.30;287.10;'Arial';0;0;0;0;0;0;'I';None;-3
'CuadroX';'B';98.70;8.40;108.70;18.70;'Arial';0;1;0;0;0;0;'I';None;2
'Descripcion2';'T';10.90;91.30;72.10;95.30;'Arial';8;0;0;0;0;65535;'I';'';0
'Descripcion22';'T';25.80;96.00;63.10;100.00;'Arial';8;0;0;0;0;65535;'I';'';0
'Descripcion23';'T';11.00;95.80;25.00;99.80;'Arial';8;0;0;0;0;65535;'I';'A\xf1o:';0
'Descripcion3';'T';10.90;101.90;72.10;105.90;'Arial';8;0;0;0;0;65535;'I';'';0
'Descripcion4';'T';10.70;112.70;72.50;116.70;'Arial';8;0;0;0;0;65535;'I';'';0
'Descripcion42';'T';52.80;91.70;120.20;95.70;'Arial';8;0;0;0;0;65535;'I';'';0
'Descripcion5';'T';11.20;121.10;72.70;125.10;'Arial';8;0;0;0;0;65535;'I';'';0
'Descripcion52';'T';53.10;96.00;120.50;100.00;'Arial';8;0;0;0;0;65535;'I';'';0
'Descripcion6';'T';10.80;124.90;72.30;128.90;'Arial';8;0;0;0;0;65535;'I';'';0
'Descripcion62';'T';11.20;107.30;78.60;111.30;'Arial';8;0;0;0;0;65535;'I';'';0
'Descripcion7';'T';10.90;129.30;72.50;133.30;'Arial';8;0;0;0;0;65535;'I';'';0
'Descripcion8';'T';10.70;135.60;72.50;139.60;'Arial';8;0;0;0;0;65535;'I';'';0
'EMPRESA';'T';9.90;17.60;102.00;22.60;'Arial';12;1;0;0;0;0;'I';'';2
'EXENTO.L';'T';91.80;237.00;104.80;241.70;'Arial';9;0;0;0;0;0;'I';'Exento:';0
'Fecha';'T';146.80;25.80;186.80;32.10;'Arial';12;0;0;0;0;65535;'I';None;0
'Fecha.L';'T';127.60;26.00;144.90;31.90;'Arial';12;0;0;0;0;0;'I';'Fecha:';0
'IDescripcion2';'T';10.90;151.40;73.10;155.40;'Arial';8;0;0;0;0;65535;'I';'';0
'IDescripcion3';'T';11.10;156.40;72.70;160.40;'Arial';8;0;0;0;0;65535;'I';'';0
'IDescripcion4';'T';11.90;161.40;72.90;165.40;'Arial';8;0;0;0;0;65535;'I';'';0
'IDescripcion5';'T';10.70;167.00;72.10;171.00;'Arial';8;0;0;0;0;65535;'I';'';0
'IIBB';'T';158.00;33.30;206.00;38.30;'Arial';10;0;0;0;0;0;'C';'';2
'INICIO';'T';105.90;38.60;206.10;43.60;'Arial';10;0;0;0;0;0;'I';'';2
'IVA';'T';10.10;38.40;102.00;43.40;'Arial';10;0;0;0;0;0;'I';'';2
'IVA10.5';'T';186.60;267.80;207.70;271.80;'Arial';9;0;0;0;0;65535;'D';None;0
'IVA10.5.L';'T';154.30;267.90;175.60;271.90;'Arial';9;0;0;0;0;0;'I';'I.V.A. 10,5%';0
'IVA2.5';'T';186.60;259.40;207.70;263.40;'Arial';9;0;0;0;0;65535;'D';None;0
'IVA2.5.L';'T';154.30;259.50;175.60;263.50;'Arial';9;0;0;0;0;0;'I';'I.V.A. 2.5%';0
'IVA21';'T';186.60;272.10;207.70;276.10;'Arial';9;0;0;0;0;65535;'D';None;0
'IVA21.L';'T';154.20;272.10;175.50;276.10;'Arial';9;0;0;0;0;0;'I';'I.V.A. 21%';0
'IVA27';'T';186.70;276.20;207.80;280.20;'Arial';9;0;0;0;0;65535;'D';None;0
'IVA27.L';'T';154.30;276.20;175.60;280.20;'Arial';9;0;0;0;0;0;'I';'I.V.A. 27%';0
'IVA5';'T';186.70;263.70;207.80;267.70;'Arial';9;0;0;0;0;65535;'D';None;0
'IVA5.L';'T';154.30;263.70;175.60;267.70;'Arial';9;0;0;0;0;0;'I';'I.V.A. 5%';0
'ImpuestoInterno';'T';185.00;158.60;206.90;162.40;'Arial';8;0;0;0;0;65535;'D';'';0
'ImpuestoInternoL';'T';11.00;158.70;72.30;162.70;'Arial';8;0;0;0;0;65535;'I';'';0
'Item.AlicuotaIVA';'T';161.90;73.70;181.10;78.70;'Arial';8;0;0;0;0;65535;'C';'IVA';0
'Item.AlicuotaIva01';'T';159.00;78.90;166.60;82.80;'Arial';6;0;0;0;0;65535;'D';'';0
'Item.AlicuotaIva02';'T';164.10;82.80;171.70;86.60;'Arial';8;0;0;0;0;65535;'D';'';0
'Item.AlicuotaIva03';'T';164.10;86.80;171.70;90.60;'Arial';8;0;0;0;0;65535;'D';'';0
'Item.AlicuotaIva04';'T';164.10;90.80;171.70;94.60;'Arial';8;0;0;0;0;65535;'D';'';0
'Item.AlicuotaIva05';'T';164.10;94.80;171.70;98.60;'Arial';8;0;0;0;0;65535;'D';'';0
'Item.AlicuotaIva06';'T';164.10;98.80;171.70;102.60;'Arial';8;0;0;0;0;65535;'D';'';0
'Item.AlicuotaIva07';'T';164.10;102.80;171.70;106.60;'Arial';8;0;0;0;0;65535;'D';'';0
'Item.AlicuotaIva08';'T';164.10;106.80;171.70;110.60;'Arial';8;0;0;0;0;65535;'D';'';0
'Item.AlicuotaIva09';'T';164.10;110.80;171.70;114.60;'Arial';8;0;0;0;0;65535;'D';'';0
'Item.AlicuotaIva10';'T';164.10;114.80;171.70;118.60;'Arial';8;0;0;0;0;65535;'D';'';0
'Item.AlicuotaIva11';'T';164.10;118.80;171.70;122.60;'Arial';8;0;0;0;0;65535;'D';'';0
'Item.AlicuotaIva12';'T';164.10;122.80;171.70;126.60;'Arial';8;0;0;0;0;65535;'D';'';0
'Item.AlicuotaIva13';'T';164.10;126.80;171.70;130.60;'Arial';8;0;0;0;0;65535;'D';'';0
'Item.AlicuotaIva14';'T';164.10;130.80;171.70;134.60;'Arial';8;0;0;0;0;65535;'D';'';0
'Item.AlicuotaIva15';'T';164.10;134.80;171.70;138.60;'Arial';8;0;0;0;0;65535;'D';'';0
'Item.AlicuotaIva16';'T';164.10;138.80;171.70;142.60;'Arial';8;0;0;0;0;65535;'D';'';0
'Item.AlicuotaIva17';'T';164.10;142.80;171.70;146.60;'Arial';8;0;0;0;0;65535;'D';'';0
'Item.AlicuotaIva18';'T';164.10;146.80;171.70;150.60;'Arial';8;0;0;0;0;65535;'D';'';0
'Item.AlicuotaIva19';'T';164.10;150.80;171.70;154.60;'Arial';8;0;0;0;0;65535;'D';'';0
'Item.AlicuotaIva20';'T';164.10;154.80;171.70;158.60;'Arial';8;0;0;0;0;65535;'D';'';0
'Item.AlicuotaIva21';'T';164.10;158.80;171.70;162.60;'Arial';8;0;0;0;0;65535;'D';'';0
'Item.AlicuotaIva22';'T';164.10;162.80;171.70;166.60;'Arial';8;0;0;0;0;65535;'D';'';0
'Item.AlicuotaIva23';'T';164.10;166.80;171.70;170.60;'Arial';8;0;0;0;0;65535;'D';'';0
'Item.AlicuotaIva24';'T';164.10;170.80;171.70;174.60;'Arial';8;0;0;0;0;65535;'D';'';0
'Item.AlicuotaIva25';'T';164.10;174.80;171.70;178.60;'Arial';8;0;0;0;0;65535;'D';'';0
'Item.AlicuotaIva26';'T';164.10;178.80;171.70;182.60;'Arial';8;0;0;0;0;65535;'D';'';0
'Item.AlicuotaIva27';'T';164.10;182.80;171.70;186.60;'Arial';8;0;0;0;0;65535;'D';'';0
'Item.AlicuotaIva28';'T';164.10;186.80;171.70;190.60;'Arial';8;0;0;0;0;65535;'D';'';0
'Item.AlicuotaIva29';'T';164.10;190.80;171.70;194.60;'Arial';8;0;0;0;0;65535;'D';'';0
'Item.AlicuotaIva30';'T';164.10;194.80;171.70;198.60;'Arial';8;0;0;0;0;65535;'D';'';0
'Item.AlicuotaIva31';'T';164.10;198.80;171.70;202.60;'Arial';8;0;0;0;0;65535;'D';'';0
'Item.AlicuotaIva32';'T';164.10;202.80;171.70;206.60;'Arial';8;0;0;0;0;65535;'D';'';0
'Item.AlicuotaIva33';'T';164.10;206.80;171.70;210.60;'Arial';8;0;0;0;0;65535;'D';'';0
'Item.AlicuotaIva34';'T';164.10;210.80;171.70;214.60;'Arial';8;0;0;0;0;65535;'D';'';0
'Item.AlicuotaIva35';'T';164.10;214.80;171.70;218.60;'Arial';8;0;0;0;0;65535;'D';'';0
'Item.AlicuotaIva36';'T';164.10;218.80;171.70;222.60;'Arial';8;0;0;0;0;65535;'D';'';0
'Item.AlicuotaIva37';'T';164.10;222.80;171.70;226.60;'Arial';8;0;0;0;0;65535;'D';'';0
'Item.AlicuotaIva38';'T';164.10;226.80;171.70;230.60;'Arial';8;0;0;0;0;65535;'D';'';0
'Item.AlicuotaIva39';'T';164.10;230.80;171.70;234.60;'Arial';8;0;0;0;0;65535;'D';'';0
'Item.Bonif02';'T';137.30;83.00;146.90;86.80;'Arial';8;0;0;0;0;65535;'D';'';0
'Item.Bonif03';'T';137.30;87.00;146.90;90.80;'Arial';8;0;0;0;0;65535;'D';'';0
'Item.Bonif04';'T';137.30;91.00;146.90;94.80;'Arial';8;0;0;0;0;65535;'D';'';0
'Item.Bonif05';'T';137.30;95.00;146.90;98.80;'Arial';8;0;0;0;0;65535;'D';'';0
'Item.Bonif07';'T';137.30;103.00;146.90;106.80;'Arial';8;0;0;0;0;65535;'D';'';0
'Item.Bonif08';'T';137.30;107.00;146.90;110.80;'Arial';8;0;0;0;0;65535;'D';'';0
'Item.Bonif09';'T';137.30;111.00;146.90;114.80;'Arial';8;0;0;0;0;65535;'D';'';0
'Item.Bonif10';'T';137.30;115.00;146.90;118.80;'Arial';8;0;0;0;0;65535;'D';'';0
'Item.Bonif11';'T';137.30;119.00;146.90;122.80;'Arial';8;0;0;0;0;65535;'D';'';0
'Item.Bonif12';'T';137.30;123.00;146.90;126.80;'Arial';8;0;0;0;0;65535;'D';'';0
'Item.Bonif13';'T';137.30;127.00;146.90;130.80;'Arial';8;0;0;0;0;65535;'D';'';0
'Item.Bonif14';'T';137.30;131.00;146.90;134.80;'Arial';8;0;0;0;0;65535;'D';'';0
'Item.Bonif15';'T';137.30;135.00;146.90;138.80;'Arial';8;0;0;0;0;65535;'D';'';0
'Item.Bonif16';'T';137.30;139.00;146.90;142.80;'Arial';8;0;0;0;0;65535;'D';'';0
'Item.Bonif17';'T';137.30;143.00;146.90;146.80;'Arial';8;0;0;0;0;65535;'D';'';0
'Item.Bonif18';'T';137.30;147.00;146.90;150.80;'Arial';8;0;0;0;0;65535;'D';'';0
'Item.Bonif19';'T';137.30;151.00;146.90;154.80;'Arial';8;0;0;0;0;65535;'D';'';0
'Item.Bonif20';'T';137.30;155.00;146.90;158.80;'Arial';8;0;0;0;0;65535;'D';'';0
'Item.Bonif21';'T';137.30;159.00;146.90;162.80;'Arial';8;0;0;0;0;65535;'D';'';0
'Item.Bonif22';'T';137.30;163.00;146.90;166.80;'Arial';8;0;0;0;0;65535;'D';'';0
'Item.Bonif23';'T';137.30;167.00;146.90;170.80;'Arial';8;0;0;0;0;65535;'D';'';0
'Item.Bonif24';'T';137.30;171.00;146.90;174.80;'Arial';8;0;0;0;0;65535;'D';'';0
'Item.Bonif25';'T';137.30;175.00;146.90;178.80;'Arial';8;0;0;0;0;65535;'D';'';0
'Item.Bonif26';'T';137.30;179.00;146.90;182.80;'Arial';8;0;0;0;0;65535;'D';'';0
'Item.Bonif27';'T';137.30;183.00;146.90;186.80;'Arial';8;0;0;0;0;65535;'D';'';0
'Item.Bonif28';'T';137.30;187.00;146.90;190.80;'Arial';8;0;0;0;0;65535;'D';'';0
'Item.Bonif29';'T';137.30;191.00;146.90;194.80;'Arial';8;0;0;0;0;65535;'D';'';0
'Item.Bonif30';'T';137.30;195.00;146.90;198.80;'Arial';8;0;0;0;0;65535;'D';'';0
'Item.Bonif31';'T';137.30;199.00;146.90;202.80;'Arial';8;0;0;0;0;65535;'D';'';0
'Item.Bonif32';'T';137.30;203.00;146.90;206.80;'Arial';8;0;0;0;0;65535;'D';'';0
'Item.Bonif33';'T';137.30;207.00;146.90;210.80;'Arial';8;0;0;0;0;65535;'D';'';0
'Item.Bonif34';'T';137.30;211.00;146.90;214.80;'Arial';8;0;0;0;0;65535;'D';'';0
'Item.Bonif35';'T';137.30;215.00;146.90;218.80;'Arial';8;0;0;0;0;65535;'D';'';0
'Item.Bonif36';'T';137.30;219.00;146.90;222.80;'Arial';8;0;0;0;0;65535;'D';'';0
'Item.Bonif37';'T';137.30;223.00;146.90;226.80;'Arial';8;0;0;0;0;65535;'D';'';0
'Item.Bonif38';'T';137.30;227.00;146.90;230.80;'Arial';8;0;0;0;0;65535;'D';'';0
'Item.Bonif39';'T';137.30;231.00;146.90;234.80;'Arial';8;0;0;0;0;65535;'D';'';0
'Item.Cantidad';'T';123.40;73.80;136.10;78.80;'Arial';8;0;0;0;0;65535;'C';'Cantidad';0
'Item.Cantidad01';'T';124.40;79.00;135.70;82.80;'Arial';8;0;0;0;0;65535;'D';'';0
'Item.Cantidad02';'T';124.40;83.00;135.70;86.80;'Arial';8;0;0;0;0;65535;'D';'';0
'Item.Cantidad03';'T';124.40;87.00;135.70;90.80;'Arial';8;0;0;0;0;65535;'D';'';0
'Item.Cantidad04';'T';124.40;91.00;135.70;94.80;'Arial';8;0;0;0;0;65535;'D';'';0
'Item.Cantidad05';'T';124.40;95.00;135.70;98.80;'Arial';8;0;0;0;0;65535;'D';'';0
'Item.Cantidad06';'T';124.40;99.00;135.70;102.80;'Arial';8;0;0;0;0;65535;'D';'';0
'Item.Cantidad07';'T';124.40;103.00;135.70;106.80;'Arial';8;0;0;0;0;65535;'D';'';0
'Item.Cantidad08';'T';124.40;107.00;135.70;110.80;'Arial';8;0;0;0;0;65535;'D';'';0
'Item.Cantidad09';'T';124.40;111.00;135.70;114.80;'Arial';8;0;0;0;0;65535;'D';'';0
'Item.Cantidad10';'T';124.40;115.00;135.70;118.80;'Arial';8;0;0;0;0;65535;'D';'';0
'Item.Cantidad11';'T';124.40;119.00;135.70;122.80;'Arial';8;0;0;0;0;65535;'D';'';0
'Item.Cantidad12';'T';124.40;123.00;135.70;126.80;'Arial';8;0;0;0;0;65535;'D';'';0
'Item.Cantidad13';'T';124.40;127.00;135.70;130.80;'Arial';8;0;0;0;0;65535;'D';'';0
'Item.Cantidad14';'T';124.40;131.00;135.70;134.80;'Arial';8;0;0;0;0;65535;'D';'';0
'Item.Cantidad15';'T';124.40;135.00;135.70;138.80;'Arial';8;0;0;0;0;65535;'D';'';0
'Item.Cantidad16';'T';124.40;139.00;135.70;142.80;'Arial';8;0;0;0;0;65535;'D';'';0
'Item.Cantidad17';'T';124.40;143.00;135.70;146.80;'Arial';8;0;0;0;0;65535;'D';'';0
'Item.Cantidad18';'T';124.40;147.00;135.70;150.80;'Arial';8;0;0;0;0;65535;'D';'';0
'Item.Cantidad19';'T';124.40;151.00;135.70;154.80;'Arial';8;0;0;0;0;65535;'D';'';0
'Item.Cantidad20';'T';124.40;155.00;135.70;158.80;'Arial';8;0;0;0;0;65535;'D';'';0
'Item.Cantidad21';'T';124.40;159.00;135.70;162.80;'Arial';8;0;0;0;0;65535;'D';'';0
'Item.Cantidad22';'T';124.40;163.00;135.70;166.80;'Arial';8;0;0;0;0;65535;'D';'';0
'Item.Cantidad23';'T';124.40;167.00;135.70;170.80;'Arial';8;0;0;0;0;65535;'D';'';0
'Item.Cantidad24';'T';124.40;171.00;135.70;174.80;'Arial';8;0;0;0;0;65535;'D';'';0
'Item.Cantidad25';'T';124.40;175.00;135.70;178.80;'Arial';8;0;0;0;0;65535;'D';'';0
'Item.Cantidad26';'T';124.40;179.00;135.70;182.80;'Arial';8;0;0;0;0;65535;'D';'';0
'Item.Cantidad27';'T';124.40;183.00;135.70;186.80;'Arial';8;0;0;0;0;65535;'D';'';0
'Item.Cantidad28';'T';124.40;187.00;135.70;190.80;'Arial';8;0;0;0;0;65535;'D';'';0
'Item.Cantidad29';'T';124.40;191.00;135.70;194.80;'Arial';8;0;0;0;0;65535;'D';'';0
'Item.Cantidad30';'T';124.40;195.00;135.70;198.80;'Arial';8;0;0;0;0;65535;'D';'';0
'Item.Cantidad31';'T';124.40;199.00;135.70;202.80;'Arial';8;0;0;0;0;65535;'D';'';0
'Item.Cantidad32';'T';124.40;203.00;135.70;206.80;'Arial';8;0;0;0;0;65535;'D';'';0
'Item.Cantidad33';'T';124.40;207.00;135.70;210.80;'Arial';8;0;0;0;0;65535;'D';'';0
'Item.Cantidad34';'T';124.40;211.00;135.70;214.80;'Arial';8;0;0;0;0;65535;'D';'';0
'Item.Cantidad35';'T';124.40;215.00;135.70;218.80;'Arial';8;0;0;0;0;65535;'D';'';0
'Item.Cantidad36';'T';124.40;219.00;135.70;222.80;'Arial';8;0;0;0;0;65535;'D';'';0
'Item.Cantidad37';'T';124.40;223.00;135.70;226.80;'Arial';8;0;0;0;0;65535;'D';'';0
'Item.Cantidad38';'T';124.40;227.00;135.70;230.80;'Arial';8;0;0;0;0;65535;'D';'';0
'Item.Cantidad39';'T';124.40;231.00;135.70;234.80;'Arial';8;0;0;0;0;65535;'D';'';0
'Item.Dato_A01';'T';107.20;78.90;114.50;82.70;'Arial';8;0;0;0;0;65535;'D';'';0
'Item.Dato_A02';'T';107.20;82.90;114.50;86.70;'Arial';8;0;0;0;0;65535;'D';'';0
'Item.Dato_A03';'T';107.20;86.90;114.50;90.70;'Arial';8;0;0;0;0;65535;'D';'';0
'Item.Dato_A04';'T';107.20;90.90;114.50;94.70;'Arial';8;0;0;0;0;65535;'D';'';0
'Item.Dato_A05';'T';107.20;94.90;114.50;98.70;'Arial';8;0;0;0;0;65535;'D';'';0
'Item.Dato_A06';'T';107.20;98.90;114.50;102.70;'Arial';8;0;0;0;0;65535;'D';'';0
'Item.Dato_A07';'T';107.20;102.90;114.50;106.70;'Arial';8;0;0;0;0;65535;'D';'';0
'Item.Dato_A08';'T';107.20;106.90;114.50;110.70;'Arial';8;0;0;0;0;65535;'D';'';0
'Item.Dato_A09';'T';107.20;110.90;114.50;114.70;'Arial';8;0;0;0;0;65535;'D';'';0
'Item.Dato_A10';'T';107.20;114.90;114.50;118.70;'Arial';8;0;0;0;0;65535;'D';'';0
'Item.Dato_A11';'T';107.20;118.90;114.50;122.70;'Arial';8;0;0;0;0;65535;'D';'';0
'Item.Dato_A12';'T';107.20;122.90;114.50;126.70;'Arial';8;0;0;0;0;65535;'D';'';0
'Item.Dato_A13';'T';107.20;126.90;114.50;130.70;'Arial';8;0;0;0;0;65535;'D';'';0
'Item.Dato_A14';'T';107.20;130.90;114.50;134.70;'Arial';8;0;0;0;0;65535;'D';'';0
'Item.Dato_A15';'T';107.20;134.90;114.50;138.70;'Arial';8;0;0;0;0;65535;'D';'';0
'Item.Dato_A16';'T';107.20;138.90;114.50;142.70;'Arial';8;0;0;0;0;65535;'D';'';0
'Item.Dato_A17';'T';107.20;142.90;114.50;146.70;'Arial';8;0;0;0;0;65535;'D';'';0
'Item.Dato_A18';'T';107.20;146.90;114.50;150.70;'Arial';8;0;0;0;0;65535;'D';'';0
'Item.Dato_A19';'T';107.20;150.90;114.50;154.70;'Arial';8;0;0;0;0;65535;'D';'';0
'Item.Dato_A20';'T';107.20;154.90;114.50;158.70;'Arial';8;0;0;0;0;65535;'D';'';0
'Item.Dato_A21';'T';107.20;158.90;114.50;162.70;'Arial';8;0;0;0;0;65535;'D';'';0
'Item.Dato_A22';'T';107.20;162.90;114.50;166.70;'Arial';8;0;0;0;0;65535;'D';'';0
'Item.Dato_A23';'T';107.20;166.90;114.50;170.70;'Arial';8;0;0;0;0;65535;'D';'';0
'Item.Dato_A24';'T';107.20;170.90;114.50;174.70;'Arial';8;0;0;0;0;65535;'D';'';0
'Item.Dato_A25';'T';107.20;174.90;114.50;178.70;'Arial';8;0;0;0;0;65535;'D';'';0
'Item.Dato_A26';'T';107.20;178.90;114.50;182.70;'Arial';8;0;0;0;0;65535;'D';'';0
'Item.Dato_A27';'T';107.20;182.90;114.50;186.70;'Arial';8;0;0;0;0;65535;'D';'';0
'Item.Dato_A28';'T';107.20;186.90;114.50;190.70;'Arial';8;0;0;0;0;65535;'D';'';0
'Item.Dato_A29';'T';107.20;190.90;114.50;194.70;'Arial';8;0;0;0;0;65535;'D';'';0
'Item.Dato_A30';'T';107.20;194.90;114.50;198.70;'Arial';8;0;0;0;0;65535;'D';'';0
'Item.Dato_A31';'T';107.20;198.90;114.50;202.70;'Arial';8;0;0;0;0;65535;'D';'';0
'Item.Dato_A32';'T';107.20;202.90;114.50;206.70;'Arial';8;0;0;0;0;65535;'D';'';0
'Item.Dato_A33';'T';107.20;206.90;114.50;210.70;'Arial';8;0;0;0;0;65535;'D';'';0
'Item.Dato_A34';'T';107.20;210.90;114.50;214.70;'Arial';8;0;0;0;0;65535;'D';'';0
'Item.Dato_A35';'T';107.20;214.90;114.50;218.70;'Arial';8;0;0;0;0;65535;'D';'';0
'Item.Dato_A36';'T';107.20;218.90;114.50;222.70;'Arial';8;0;0;0;0;65535;'D';'';0
'Item.Dato_A37';'T';107.20;222.90;114.50;226.70;'Arial';8;0;0;0;0;65535;'D';'';0
'Item.Dato_A38';'T';107.20;226.90;114.50;230.70;'Arial';8;0;0;0;0;65535;'D';'';0
'Item.Dato_A39';'T';107.20;230.90;114.50;234.70;'Arial';8;0;0;0;0;65535;'D';'';0
'Item.Dato_B01';'T';114.70;79.00;122.50;82.80;'Arial';8;0;0;0;0;65535;'D';'';0
'Item.Dato_B02';'T';114.90;83.00;122.70;86.80;'Arial';8;0;0;0;0;65535;'D';'';0
'Item.Dato_B03';'T';114.90;87.00;122.70;90.80;'Arial';8;0;0;0;0;65535;'D';'';0
'Item.Dato_B04';'T';114.90;91.00;122.70;94.80;'Arial';8;0;0;0;0;65535;'D';'';0
'Item.Dato_B05';'T';114.90;95.00;122.70;98.80;'Arial';8;0;0;0;0;65535;'D';'';0
'Item.Dato_B06';'T';114.90;99.00;122.70;102.80;'Arial';8;0;0;0;0;65535;'D';'';0
'Item.Dato_B07';'T';114.90;103.00;122.70;106.80;'Arial';8;0;0;0;0;65535;'D';'';0
'Item.Dato_B08';'T';114.90;107.00;122.70;110.80;'Arial';8;0;0;0;0;65535;'D';'';0
'Item.Dato_B09';'T';114.90;111.00;122.70;114.80;'Arial';8;0;0;0;0;65535;'D';'';0
'Item.Dato_B10';'T';114.90;115.00;122.70;118.80;'Arial';8;0;0;0;0;65535;'D';'';0
'Item.Dato_B11';'T';114.90;119.00;122.70;122.80;'Arial';8;0;0;0;0;65535;'D';'';0
'Item.Dato_B12';'T';114.90;123.00;122.70;126.80;'Arial';8;0;0;0;0;65535;'D';'';0
'Item.Dato_B13';'T';114.90;127.00;122.70;130.80;'Arial';8;0;0;0;0;65535;'D';'';0
'Item.Dato_B14';'T';114.90;131.00;122.70;134.80;'Arial';8;0;0;0;0;65535;'D';'';0
'Item.Dato_B15';'T';114.90;135.00;122.70;138.80;'Arial';8;0;0;0;0;65535;'D';'';0
'Item.Dato_B16';'T';114.90;139.00;122.70;142.80;'Arial';8;0;0;0;0;65535;'D';'';0
'Item.Dato_B17';'T';114.90;143.00;122.70;146.80;'Arial';8;0;0;0;0;65535;'D';'';0
'Item.Dato_B18';'T';114.90;147.00;122.70;150.80;'Arial';8;0;0;0;0;65535;'D';'';0
'Item.Dato_B19';'T';114.90;151.00;122.70;154.80;'Arial';8;0;0;0;0;65535;'D';'';0
'Item.Dato_B20';'T';114.90;155.00;122.70;158.80;'Arial';8;0;0;0;0;65535;'D';'';0
'Item.Dato_B21';'T';114.90;159.00;122.70;162.80;'Arial';8;0;0;0;0;65535;'D';'';0
'Item.Dato_B22';'T';114.90;163.00;122.70;166.80;'Arial';8;0;0;0;0;65535;'D';'';0
'Item.Dato_B23';'T';114.90;167.00;122.70;170.80;'Arial';8;0;0;0;0;65535;'D';'';0
'Item.Dato_B24';'T';114.90;171.00;122.70;174.80;'Arial';8;0;0;0;0;65535;'D';'';0
'Item.Dato_B25';'T';114.90;175.00;122.70;178.80;'Arial';8;0;0;0;0;65535;'D';'';0
'Item.Dato_B26';'T';114.90;179.00;122.70;182.80;'Arial';8;0;0;0;0;65535;'D';'';0
'Item.Dato_B27';'T';114.90;183.00;122.70;186.80;'Arial';8;0;0;0;0;65535;'D';'';0
'Item.Dato_B28';'T';114.90;187.00;122.70;190.80;'Arial';8;0;0;0;0;65535;'D';'';0
'Item.Dato_B29';'T';114.90;191.00;122.70;194.80;'Arial';8;0;0;0;0;65535;'D';'';0
'Item.Dato_B30';'T';114.90;195.00;122.70;198.80;'Arial';8;0;0;0;0;65535;'D';'';0
'Item.Dato_B31';'T';114.90;199.00;122.70;202.80;'Arial';8;0;0;0;0;65535;'D';'';0
'Item.Dato_B32';'T';114.90;203.00;122.70;206.80;'Arial';8;0;0;0;0;65535;'D';'';0
'Item.Dato_B33';'T';114.90;207.00;122.70;210.80;'Arial';8;0;0;0;0;65535;'D';'';0
'Item.Dato_B34';'T';114.90;211.00;122.70;214.80;'Arial';8;0;0;0;0;65535;'D';'';0
'Item.Dato_B35';'T';114.90;215.00;122.70;218.80;'Arial';8;0;0;0;0;65535;'D';'';0
'Item.Dato_B36';'T';114.90;219.00;122.70;222.80;'Arial';8;0;0;0;0;65535;'D';'';0
'Item.Dato_B37';'T';114.90;223.00;122.70;226.80;'Arial';8;0;0;0;0;65535;'D';'';0
'Item.Dato_B38';'T';114.90;227.00;122.70;230.80;'Arial';8;0;0;0;0;65535;'D';'';0
'Item.Dato_B39';'T';114.90;231.00;122.70;234.80;'Arial';8;0;0;0;0;65535;'D';'';0
'Item.Descripcion';'T';8.20;73.50;122.80;78.50;'Arial';8;0;0;0;0;65535;'C';'Descripci\xf3n';0
'Item.Descripcion01';'T';9.30;78.60;106.70;82.60;'Arial';8;0;0;0;0;65535;'I';'';0
'Item.Descripcion02';'T';9.10;82.60;106.70;86.60;'Arial';8;0;0;0;0;65535;'I';'';0
'Item.Descripcion23';'T';11.00;166.60;73.30;170.60;'Arial';8;0;0;0;0;65535;'I';'';0
'Item.Descripcion24';'T';11.00;170.60;73.30;174.60;'Arial';8;0;0;0;0;65535;'I';'';0
'Item.Descripcion25';'T';11.00;174.60;73.30;178.60;'Arial';8;0;0;0;0;65535;'I';'';0
'Item.Descripcion26';'T';11.00;178.60;73.30;182.60;'Arial';8;0;0;0;0;65535;'I';'';0
'Item.Descripcion27';'T';11.00;182.60;73.30;186.60;'Arial';8;0;0;0;0;65535;'I';'';0
'Item.Descripcion28';'T';11.00;186.60;73.30;190.60;'Arial';8;0;0;0;0;65535;'I';'';0
'Item.Descripcion29';'T';11.00;190.60;73.30;194.60;'Arial';8;0;0;0;0;65535;'I';'';0
'Item.Descripcion30';'T';44.40;194.60;106.70;198.60;'Arial';8;0;0;0;0;65535;'I';'';0
'Item.Descripcion31';'T';44.40;198.60;106.70;202.60;'Arial';8;0;0;0;0;65535;'I';'';0
'Item.Descripcion32';'T';44.40;202.60;106.70;206.60;'Arial';8;0;0;0;0;65535;'I';'';0
'Item.Descripcion33';'T';44.40;206.60;106.70;210.60;'Arial';8;0;0;0;0;65535;'I';'';0
'Item.Descripcion34';'T';44.40;210.60;106.70;214.60;'Arial';8;0;0;0;0;65535;'I';'';0
'Item.Descripcion35';'T';44.40;214.60;106.70;218.60;'Arial';8;0;0;0;0;65535;'I';'';0
'Item.Descripcion36';'T';44.40;218.60;106.70;222.60;'Arial';8;0;0;0;0;65535;'I';'';0
'Item.Descripcion37';'T';44.40;222.60;106.70;226.60;'Arial';8;0;0;0;0;65535;'I';'';0
'Item.Descripcion38';'T';44.40;226.60;106.70;230.60;'Arial';8;0;0;0;0;65535;'I';'';0
'Item.Descripcion39';'T';44.40;230.60;106.70;234.60;'Arial';8;0;0;0;0;65535;'I';'';0
'Item.Importe';'T';184.60;73.60;207.10;78.60;'Arial';8;0;0;0;0;65535;'C';'Importe';0
'Item.Importe01';'T';184.90;78.80;207.90;82.60;'Arial';8;0;0;0;0;65535;'D';'';0
'Item.Importe02';'T';184.90;82.80;207.90;86.60;'Arial';8;0;0;0;0;65535;'D';'';0
'Item.Importe03';'T';184.90;86.80;207.90;90.60;'Arial';8;0;0;0;0;65535;'D';'';0
'Item.Importe04';'T';184.90;90.80;207.90;94.60;'Arial';8;0;0;0;0;65535;'D';'';0
'Item.Importe05';'T';184.90;94.80;207.90;98.60;'Arial';8;0;0;0;0;65535;'D';'';0
'Item.Importe06';'T';184.90;98.80;207.90;102.60;'Arial';8;0;0;0;0;65535;'D';'';0
'Item.Importe07';'T';184.90;102.80;207.90;106.60;'Arial';8;0;0;0;0;65535;'D';'';0
'Item.Importe08';'T';184.90;106.80;207.90;110.60;'Arial';8;0;0;0;0;65535;'D';'';0
'Item.Importe09';'T';184.90;110.80;207.90;114.60;'Arial';8;0;0;0;0;65535;'D';'';0
'Item.Importe10';'T';184.90;114.80;207.90;118.60;'Arial';8;0;0;0;0;65535;'D';'';0
'Item.Importe11';'T';184.90;118.80;207.90;122.60;'Arial';8;0;0;0;0;65535;'D';'';0
'Item.Importe12';'T';184.90;122.80;207.90;126.60;'Arial';8;0;0;0;0;65535;'D';'';0
'Item.Importe13';'T';184.90;126.80;207.90;130.60;'Arial';8;0;0;0;0;65535;'D';'';0
'Item.Importe14';'T';184.90;130.80;207.90;134.60;'Arial';8;0;0;0;0;65535;'D';'';0
'Item.Importe15';'T';184.90;134.80;207.90;138.60;'Arial';8;0;0;0;0;65535;'D';'';0
'Item.Importe16';'T';184.90;138.80;207.90;142.60;'Arial';8;0;0;0;0;65535;'D';'';0
'Item.Importe17';'T';184.90;142.80;207.90;146.60;'Arial';8;0;0;0;0;65535;'D';'';0
'Item.Importe18';'T';184.90;146.80;207.90;150.60;'Arial';8;0;0;0;0;65535;'D';'';0
'Item.Importe19';'T';184.90;150.80;207.90;154.60;'Arial';8;0;0;0;0;65535;'D';'';0
'Item.Importe20';'T';184.90;154.80;207.90;158.60;'Arial';8;0;0;0;0;65535;'D';'';0
'Item.Importe21';'T';184.90;158.80;207.90;162.60;'Arial';8;0;0;0;0;65535;'D';'';0
'Item.Importe22';'T';184.90;162.80;207.90;166.60;'Arial';8;0;0;0;0;65535;'D';'';0
'Item.Importe23';'T';184.90;166.80;207.90;170.60;'Arial';8;0;0;0;0;65535;'D';'';0
'Item.Importe24';'T';184.90;170.80;207.90;174.60;'Arial';8;0;0;0;0;65535;'D';'';0
'Item.Importe25';'T';184.90;174.80;207.90;178.60;'Arial';8;0;0;0;0;65535;'D';'';0
'Item.Importe26';'T';184.90;178.80;207.90;182.60;'Arial';8;0;0;0;0;65535;'D';'';0
'Item.Importe27';'T';184.90;182.80;207.90;186.60;'Arial';8;0;0;0;0;65535;'D';'';0
'Item.Importe28';'T';184.90;186.80;207.90;190.60;'Arial';8;0;0;0;0;65535;'D';'';0
'Item.Importe29';'T';184.90;190.80;207.90;194.60;'Arial';8;0;0;0;0;65535;'D';'';0
'Item.Importe30';'T';184.90;194.80;207.90;198.60;'Arial';8;0;0;0;0;65535;'D';'';0
'Item.Importe31';'T';184.90;198.80;207.90;202.60;'Arial';8;0;0;0;0;65535;'D';'';0
'Item.Importe32';'T';184.90;202.80;207.90;206.60;'Arial';8;0;0;0;0;65535;'D';'';0
'Item.Importe33';'T';184.90;206.80;207.90;210.60;'Arial';8;0;0;0;0;65535;'D';'';0
'Item.Importe34';'T';184.90;210.80;207.90;214.60;'Arial';8;0;0;0;0;65535;'D';'';0
'Item.Importe35';'T';184.90;214.80;207.90;218.60;'Arial';8;0;0;0;0;65535;'D';'';0
'Item.Importe36';'T';184.90;218.80;207.90;222.60;'Arial';8;0;0;0;0;65535;'D';'';0
'Item.Importe37';'T';184.90;222.80;207.90;226.60;'Arial';8;0;0;0;0;65535;'D';'';0
'Item.Importe38';'T';184.90;226.80;207.90;230.60;'Arial';8;0;0;0;0;65535;'D';'';0
'Item.Importe39';'T';184.90;230.80;207.90;234.60;'Arial';8;0;0;0;0;65535;'D';'';0
'Item.ImporteIva01';'T';169.60;79.10;181.80;82.90;'Arial';6;0;0;0;0;65535;'D';'';0
'Item.ImporteIva02';'T';171.40;82.70;183.60;86.50;'Arial';8;0;0;0;0;65535;'D';'';0
'Item.ImporteIva03';'T';171.40;86.70;183.60;90.50;'Arial';8;0;0;0;0;65535;'D';'';0
'Item.ImporteIva04';'T';171.40;90.70;183.60;94.50;'Arial';8;0;0;0;0;65535;'D';'';0
'Item.ImporteIva05';'T';171.40;94.70;183.60;98.50;'Arial';8;0;0;0;0;65535;'D';'';0
'Item.ImporteIva06';'T';171.40;98.70;183.60;102.50;'Arial';8;0;0;0;0;65535;'D';'';0
'Item.ImporteIva07';'T';171.40;102.70;183.60;106.50;'Arial';8;0;0;0;0;65535;'D';'';0
'Item.ImporteIva08';'T';171.40;106.70;183.60;110.50;'Arial';8;0;0;0;0;65535;'D';'';0
'Item.ImporteIva09';'T';171.40;110.70;183.60;114.50;'Arial';8;0;0;0;0;65535;'D';'';0
'Item.ImporteIva10';'T';171.40;114.70;183.60;118.50;'Arial';8;0;0;0;0;65535;'D';'';0
'Item.ImporteIva11';'T';171.40;118.70;183.60;122.50;'Arial';8;0;0;0;0;65535;'D';'';0
'Item.ImporteIva12';'T';171.40;122.70;183.60;126.50;'Arial';8;0;0;0;0;65535;'D';'';0
'Item.ImporteIva13';'T';171.40;126.70;183.60;130.50;'Arial';8;0;0;0;0;65535;'D';'';0
'Item.ImporteIva14';'T';171.40;130.70;183.60;134.50;'Arial';8;0;0;0;0;65535;'D';'';0
'Item.ImporteIva15';'T';171.40;134.70;183.60;138.50;'Arial';8;0;0;0;0;65535;'D';'';0
'Item.ImporteIva16';'T';171.40;138.70;183.60;142.50;'Arial';8;0;0;0;0;65535;'D';'';0
'Item.ImporteIva17';'T';171.40;142.70;183.60;146.50;'Arial';8;0;0;0;0;65535;'D';'';0
'Item.ImporteIva18';'T';171.40;146.70;183.60;150.50;'Arial';8;0;0;0;0;65535;'D';'';0
'Item.ImporteIva19';'T';171.40;150.70;183.60;154.50;'Arial';8;0;0;0;0;65535;'D';'';0
'Item.ImporteIva20';'T';171.40;154.70;183.60;158.50;'Arial';8;0;0;0;0;65535;'D';'';0
'Item.ImporteIva21';'T';171.40;158.70;183.60;162.50;'Arial';8;0;0;0;0;65535;'D';'';0
'Item.ImporteIva22';'T';171.40;162.70;183.60;166.50;'Arial';8;0;0;0;0;65535;'D';'';0
'Item.ImporteIva23';'T';171.40;166.70;183.60;170.50;'Arial';8;0;0;0;0;65535;'D';'';0
'Item.ImporteIva24';'T';171.40;170.70;183.60;174.50;'Arial';8;0;0;0;0;65535;'D';'';0
'Item.ImporteIva25';'T';171.40;174.70;183.60;178.50;'Arial';8;0;0;0;0;65535;'D';'';0
'Item.ImporteIva26';'T';171.40;178.70;183.60;182.50;'Arial';8;0;0;0;0;65535;'D';'';0
'Item.ImporteIva27';'T';171.40;182.70;183.60;186.50;'Arial';8;0;0;0;0;65535;'D';'';0
'Item.ImporteIva28';'T';171.40;186.70;183.60;190.50;'Arial';8;0;0;0;0;65535;'D';'';0
'Item.ImporteIva29';'T';171.40;190.70;183.60;194.50;'Arial';8;0;0;0;0;65535;'D';'';0
'Item.ImporteIva30';'T';171.40;194.70;183.60;198.50;'Arial';8;0;0;0;0;65535;'D';'';0
'Item.ImporteIva31';'T';171.40;198.70;183.60;202.50;'Arial';8;0;0;0;0;65535;'D';'';0
'Item.ImporteIva32';'T';171.40;202.70;183.60;206.50;'Arial';8;0;0;0;0;65535;'D';'';0
'Item.ImporteIva33';'T';171.40;206.70;183.60;210.50;'Arial';8;0;0;0;0;65535;'D';'';0
'Item.ImporteIva34';'T';171.40;210.70;183.60;214.50;'Arial';8;0;0;0;0;65535;'D';'';0
'Item.ImporteIva35';'T';171.40;214.70;183.60;218.50;'Arial';8;0;0;0;0;65535;'D';'';0
'Item.ImporteIva36';'T';171.40;218.70;183.60;222.50;'Arial';8;0;0;0;0;65535;'D';'';0
'Item.ImporteIva37';'T';171.40;222.70;183.60;226.50;'Arial';8;0;0;0;0;65535;'D';'';0
'Item.ImporteIva38';'T';171.40;226.70;183.60;230.50;'Arial';8;0;0;0;0;65535;'D';'';0
'Item.ImporteIva39';'T';171.40;230.70;183.60;234.50;'Arial';8;0;0;0;0;65535;'D';'';0
'Item.Precio';'T';138.60;73.60;154.60;78.60;'Arial';8;0;0;0;0;65535;'C';'Precio';0
'Item.Precio01';'T';142.00;79.20;157.10;83.00;'Arial';8;0;0;0;0;65535;'D';'';0
'Item.Precio02';'T';148.40;83.00;163.50;86.80;'Arial';8;0;0;0;0;65535;'D';'';0
'Item.Precio03';'T';148.40;87.00;163.50;90.80;'Arial';8;0;0;0;0;65535;'D';'';0
'Item.Precio04';'T';148.40;91.00;163.50;94.80;'Arial';8;0;0;0;0;65535;'D';'';0
'Item.Precio05';'T';148.40;95.00;163.50;98.80;'Arial';8;0;0;0;0;65535;'D';'';0
'Item.Precio06';'T';148.40;99.00;163.50;102.80;'Arial';8;0;0;0;0;65535;'D';'';0
'Item.Precio07';'T';148.40;103.00;163.50;106.80;'Arial';8;0;0;0;0;65535;'D';'';0
'Item.Precio08';'T';148.40;107.00;163.50;110.80;'Arial';8;0;0;0;0;65535;'D';'';0
'Item.Precio09';'T';148.40;111.00;163.50;114.80;'Arial';8;0;0;0;0;65535;'D';'';0
'Item.Precio10';'T';148.40;115.00;163.50;118.80;'Arial';8;0;0;0;0;65535;'D';'';0
'Item.Precio11';'T';148.40;119.00;163.50;122.80;'Arial';8;0;0;0;0;65535;'D';'';0
'Item.Precio12';'T';148.40;123.00;163.50;126.80;'Arial';8;0;0;0;0;65535;'D';'';0
'Item.Precio13';'T';148.40;127.00;163.50;130.80;'Arial';8;0;0;0;0;65535;'D';'';0
'Item.Precio14';'T';148.40;131.00;163.50;134.80;'Arial';8;0;0;0;0;65535;'D';'';0
'Item.Precio15';'T';148.40;135.00;163.50;138.80;'Arial';8;0;0;0;0;65535;'D';'';0
'Item.Precio16';'T';148.40;139.00;163.50;142.80;'Arial';8;0;0;0;0;65535;'D';'';0
'Item.Precio17';'T';148.40;143.00;163.50;146.80;'Arial';8;0;0;0;0;65535;'D';'';0
'Item.Precio18';'T';148.40;147.00;163.50;150.80;'Arial';8;0;0;0;0;65535;'D';'';0
'Item.Precio19';'T';148.40;151.00;163.50;154.80;'Arial';8;0;0;0;0;65535;'D';'';0
'Item.Precio20';'T';148.40;155.00;163.50;158.80;'Arial';8;0;0;0;0;65535;'D';'';0
'Item.Precio21';'T';148.40;159.00;163.50;162.80;'Arial';8;0;0;0;0;65535;'D';'';0
'Item.Precio22';'T';148.40;163.00;163.50;166.80;'Arial';8;0;0;0;0;65535;'D';'';0
'Item.Precio23';'T';148.40;167.00;163.50;170.80;'Arial';8;0;0;0;0;65535;'D';'';0
'Item.Precio24';'T';148.40;171.00;163.50;174.80;'Arial';8;0;0;0;0;65535;'D';'';0
'Item.Precio25';'T';148.40;175.00;163.50;178.80;'Arial';8;0;0;0;0;65535;'D';'';0
'Item.Precio26';'T';148.40;179.00;163.50;182.80;'Arial';8;0;0;0;0;65535;'D';'';0
'Item.Precio27';'T';148.40;183.00;163.50;186.80;'Arial';8;0;0;0;0;65535;'D';'';0
'Item.Precio28';'T';148.40;187.00;163.50;190.80;'Arial';8;0;0;0;0;65535;'D';'';0
'Item.Precio29';'T';148.40;191.00;163.50;194.80;'Arial';8;0;0;0;0;65535;'D';'';0
'Item.Precio30';'T';148.40;195.00;163.50;198.80;'Arial';8;0;0;0;0;65535;'D';'';0
'Item.Precio31';'T';148.40;199.00;163.50;202.80;'Arial';8;0;0;0;0;65535;'D';'';0
'Item.Precio32';'T';148.40;203.00;163.50;206.80;'Arial';8;0;0;0;0;65535;'D';'';0
'Item.Precio33';'T';148.40;207.00;163.50;210.80;'Arial';8;0;0;0;0;65535;'D';'';0
'Item.Precio34';'T';148.40;211.00;163.50;214.80;'Arial';8;0;0;0;0;65535;'D';'';0
'Item.Precio35';'T';148.40;215.00;163.50;218.80;'Arial';8;0;0;0;0;65535;'D';'';0
'Item.Precio36';'T';148.40;219.00;163.50;222.80;'Arial';8;0;0;0;0;65535;'D';'';0
'Item.Precio37';'T';148.40;223.00;163.50;226.80;'Arial';8;0;0;0;0;65535;'D';'';0
'Item.Precio38';'T';148.40;227.00;163.50;230.80;'Arial';8;0;0;0;0;65535;'D';'';0
'Item.Precio39';'T';148.40;231.00;163.50;234.80;'Arial';8;0;0;0;0;65535;'D';'';0
'LETRA';'T';98.60;11.60;108.60;13.60;'Arial';16;1;0;0;0;0;'C';'X';2
'Linea.Cantidad';'L';158.80;73.60;158.80;235.80;None;0;0;0;0;0;0;'I';None;3
'Linea.Descripcion_copy';'L';136.40;73.60;136.40;236.00;None;0;0;0;0;0;0;'I';None;3
'Linea.Descripcion_copy_copy';'L';123.20;73.80;123.20;236.20;None;0;0;0;0;0;0;'I';None;3
'Linea.Precio';'L';183.80;73.60;183.80;235.80;None;0;0;0;0;0;0;'I';None;3
'Linea1';'L';104.00;18.80;104.00;44.00;'Arial';0;0;0;0;0;0;'I';None;3
'Linea2';'L';8.30;43.90;208.30;43.90;None;0;0;0;0;0;0;'I';None;3
'Linea3';'L';8.70;73.60;208.70;73.60;None;0;0;0;0;0;0;'I';None;3
'Linea6';'L';8.40;236.10;208.40;236.10;None;0;0;0;0;0;0;'I';None;3
'Linea9';'L';8.30;78.30;208.30;78.30;None;0;0;0;0;0;0;'I';None;0
'Logo';'I';9.90;9.90;55.60;16.70;None;0;0;0;0;0;0;'I';'plantillas/logo.png';2
'MEMBRETE1';'T';10.10;23.10;102.00;28.30;'Arial';10;0;0;0;0;0;'I';'';2
'MEMBRETE2';'T';10.10;28.40;102.00;33.40;'Arial';10;0;0;0;0;0;'I';'';2
'MEMBRETE3';'T';10.20;33.70;102.10;38.70;'Arial';10;0;0;0;0;0;'I';'';2
'NETO';'T';134.40;237.00;156.60;241.80;'Arial';9;0;0;0;0;0;'D';'';0
'NETO.L';'T';126.60;236.80;134.80;241.60;'Arial';9;0;0;0;0;0;'I';'Neto:';0
'NGRA.L';'T';50.10;236.90;69.70;241.60;'Arial';9;0;0;0;0;0;'I';'No Gravado:';0
'Numero';'T';138.40;20.10;198.40;25.70;'Arial';14;1;0;0;0;0;'I';'0000-00000000';2
'Pagina';'T';151.70;14.10;191.70;18.10;'Arial';8;0;0;0;0;0;'C';'P\xe1gina';2
'Pedido.L';'T';143.40;60.40;158.90;64.40;'Arial';10;0;0;0;0;0;'I';'Pedido:';0
'Periodo.Desde';'T';164.80;64.60;184.80;68.60;'Arial';10.00;0;0;0;0;65535;'I';'01/01/2009';0
'Periodo.Hasta';'T';186.00;64.60;206.00;68.60;'Arial';10.00;0;0;0;0;65535;'I';'31/01/2009';0
'PeriodoFacturadoL';'T';133.60;64.60;161.40;68.60;'Arial';10.00;0;0;0;0;0;'I';'Per\xedodo Facturado';0
'Remito.L';'T';171.50;60.50;186.10;64.50;'Arial';10;0;0;0;0;0;'I';'Remito N\xba:';0
'TOTAL';'T';184.40;281.60;207.50;286.40;'Arial';10;1;0;0;0;65535;'D';None;0
'TipoCBTE';'T';97.60;15.10;109.60;19.60;'Arial';7;1;0;0;0;0;'C';'COD.01';2
'Total.C';'B';183.10;280.90;208.10;286.90;None;0;0;0;0;0;0;'I';None;-1
'Total.L';'T';153.30;281.00;178.90;286.40;'Arial';10;0;0;0;0;0;'I';'Total:';0
'Tributo.Alicuota01';'T';177.00;242.30;188.20;246.30;'Arial';9;0;0;0;0;0;'D';'';0
'Tributo.Alicuota02';'T';177.00;246.50;188.20;250.50;'Arial';9;0;0;0;0;0;'D';'';0
'Tributo.Alicuota03';'T';177.00;250.70;188.20;254.70;'Arial';9;0;0;0;0;0;'D';'';0
'Tributo.Alicuota04';'T';177.00;254.90;188.20;258.90;'Arial';9;0;0;0;0;0;'D';'';0
'Tributo.Descripcion01';'T';154.00;242.30;176.80;246.30;'Arial';9;0;0;0;0;0;'D';'';0
'Tributo.Descripcion02';'T';154.00;246.50;176.80;250.50;'Arial';9;0;0;0;0;0;'D';'';0
'Tributo.Descripcion03';'T';154.00;250.70;176.80;254.70;'Arial';9;0;0;0;0;0;'D';'';0
'Tributo.Descripcion04';'T';154.00;254.90;176.80;258.90;'Arial';9;0;0;0;0;0;'D';'';0
'Tributo.Importe01';'T';188.80;242.20;207.90;246.20;'Arial';9;0;0;0;0;65535;'D';None;0
'Tributo.Importe02';'T';188.80;246.40;207.90;250.40;'Arial';9;0;0;0;0;65535;'D';None;0
'Tributo.Importe03';'T';188.80;250.60;207.90;254.60;'Arial';9;0;0;0;0;65535;'D';None;0
'Tributo.Importe04';'T';188.80;254.80;207.90;258.80;'Arial';9;0;0;0;0;65535;'D';None;0
'Vencimiento';'T';186.00;69.20;206.00;73.20;'Arial';10.00;0;0;0;0;65535;'I';'31/12/2009';0
'VencimientoL';'T';133.60;69.20;180.40;73.20;'Arial';10.00;0;0;0;0;0;'I';'Fecha de Vencimiento de Pago:';0
'copia';'T';116.10;14.10;151.10;18.10;'Arial';8;0;0;0;0;0;'C';'Original';2
'custom-nota1';'T';71.50;262.00;146.10;266.20;'Arial';8;False;False;False;0;16777215;'C';'';0
'custom-nro-cli';'T';26.80;45.30;44.80;51.30;'Arial';10;0;0;0;0;65535;'I';None;0
'custom-pedido';'T';157.50;60.50;170.90;64.50;'Arial';10;0;0;0;0;65535;'I';'';0
'custom-remito';'T';188.30;60.50;207.50;64.50;'Arial';10;0;0;0;0;0;'I';'';0
'custom-tit-cond-venta';'T';10.00;66.80;41.80;71.80;'Arial';10;0;0;1;0;0;'I';'Forma de Pago:';0
'custom-tot-porc-2.5iva';'T';177.30;259.40;185.30;263.40;'Arial';9;0;0;0;0;0;'D';'';0
'custom-tot-porc-5iva';'T';177.20;263.70;185.20;267.70;'Arial';9;0;0;0;0;0;'D';'';0
'custom-tot-porc-iva';'T';177.20;272.10;185.20;276.30;'Arial';9;0;0;0;0;0;'D';'';0
'custom-tot-porc-iva';'T';177.30;276.00;185.30;280.20;'Arial';9;0;0;0;0;0;'D';'';0
'custom-tot-porc-niva';'T';177.30;267.80;185.30;271.80;'Arial';9;0;0;0;0;0;'D';'';0
'custom-transporte';'T';35.60;242.50;146.20;246.50;'Arial';9;0;0;0;0;65535;'I';'';0
'custom-transporte_copy';'T';34.20;280.70;150.40;285.20;'Arial';6;0;1;0;0;65535;'I';'La Administraci\xf3n Federal no se responsabiliza por los datos ingresados en el detalle de la operaci\xf3n.';0
'descuento';'T';27.10;236.90;49.50;241.60;'Arial';9;0;0;0;0;0;'D';'';0
'descuento.L';'T';9.60;236.90;28.10;241.60;'Arial';9;0;0;0;0;0;'I';'Descuento:';0
'estado';'T';34.20;274.80;87.40;278.80;'Arial';10;1;1;0;0;65535;'I';'';0
'forma_pago';'T';43.00;67.10;94.80;72.10;'Arial';10;0;0;0;0;0;'I';None;0
'imp_op_ex';'T';103.60;236.80;125.90;241.60;'Arial';9;0;0;0;0;0;'D';'';0
'imp_tot_conc';'T';68.80;236.90;91.10;241.60;'Arial';9;0;0;0;0;0;'D';'';0
'motivos_ds.L';'T';9.20;250.10;146.50;254.90;'Arial';10;0;0;1;0;0;'C';'Observaciones AFIP';0
'motivos_ds1';'T';9.20;251.20;146.50;255.20;'Arial';8;0;1;0;0;0;'I';'';0
'motivos_ds2';'T';9.20;254.20;146.50;258.20;'Arial';8;0;1;0;0;0;'I';'';0
'motivos_ds3';'T';9.20;257.20;146.50;261.20;'Arial';8;0;1;0;0;0;'I';'';0
'subtotal';'T';185.70;236.80;208.00;241.60;'Arial';9;0;0;0;0;0;'D';'';0
'subtotal.L';'T';160.40;236.80;184.60;241.60;'Arial';9;0;0;0;0;0;'I';'Subtotal:';0
